Top pages,Clicks,Impressions,CTR,Position
https://www.unscramblehq.com/words-ending-in-dts,1,1,100%,7
https://www.unscramblehq.com/words-containing-eno,1,1,100%,9
https://www.unscramblehq.com/words-ending-in-azz,0,111,0%,10.35
https://www.unscramblehq.com/words-starting-with-eos,0,21,0%,10.14
https://www.unscramblehq.com/words-starting-with-unn,0,18,0%,9.17
https://www.unscramblehq.com/anagram-solver,0,14,0%,78.57
https://www.unscramblehq.com/word/xanthomelanous,0,13,0%,8.38
https://www.unscramblehq.com/word/homoeomorph,0,11,0%,6.73
https://www.unscramblehq.com/word/pepsinated,0,9,0%,6.89
https://www.unscramblehq.com/word/claroes,0,9,0%,8.89
https://www.unscramblehq.com/word/afforces,0,9,0%,10.89
https://www.unscramblehq.com/words-ending-in-x,0,9,0%,76.11
https://www.unscramblehq.com/word/bethanked,0,8,0%,6.38
https://www.unscramblehq.com/word/preconsume,0,8,0%,9.88
https://www.unscramblehq.com/word/dosologies,0,7,0%,1
https://www.unscramblehq.com/words-starting-with-ody,0,7,0%,8.57
https://www.unscramblehq.com/word/apricates,0,7,0%,10
https://www.unscramblehq.com/word/suspectedly,0,7,0%,10
https://www.unscramblehq.com/words-containing-lom,0,7,0%,10.14
https://www.unscramblehq.com/words-ending-in-fly,0,7,0%,46.43
https://www.unscramblehq.com/word/abricocks,0,6,0%,5.17
https://www.unscramblehq.com/word/clouterly,0,6,0%,7
https://www.unscramblehq.com/word/ans,0,6,0%,9.17
https://www.unscramblehq.com/word/exemplificative,0,6,0%,13.67
https://www.unscramblehq.com/words-ending-in-ji,0,6,0%,22.17
https://www.unscramblehq.com/words-starting-with-ado,0,6,0%,45.33
https://www.unscramblehq.com/words-ending-in-bei,0,5,0%,6.4
https://www.unscramblehq.com/word/culvertailed,0,5,0%,7.6
https://www.unscramblehq.com/words-containing-umm,0,5,0%,7.8
https://www.unscramblehq.com/word/daughterlings,0,5,0%,8
https://www.unscramblehq.com/word/craterlike,0,5,0%,8.4
https://www.unscramblehq.com/word/beblubbered,0,5,0%,9.4
https://www.unscramblehq.com/word/noviceships,0,5,0%,9.4
https://www.unscramblehq.com/word/dyspeptical,0,5,0%,9.6
https://www.unscramblehq.com/word/attasked,0,5,0%,9.8
https://www.unscramblehq.com/words-containing-edn,0,5,0%,9.8
https://www.unscramblehq.com/word/eutaxite,0,5,0%,10
https://www.unscramblehq.com/words-ending-in-kit,0,5,0%,10.2
https://www.unscramblehq.com/words-starting-with-aj,0,5,0%,43.2
https://www.unscramblehq.com/words-ending-in-and,0,5,0%,45.2
https://www.unscramblehq.com/words-ending-in-que,0,5,0%,56
https://www.unscramblehq.com/words-ending-in-ohn,0,4,0%,1
https://www.unscramblehq.com/word/beetmasters,0,4,0%,4
https://www.unscramblehq.com/words-ending-in-dog,0,4,0%,5.25
https://www.unscramblehq.com/word/tumatakurus,0,4,0%,5.75
https://www.unscramblehq.com/word/eutrophies,0,4,0%,7
https://www.unscramblehq.com/word/heptapody,0,4,0%,7.75
https://www.unscramblehq.com/word/upleapt,0,4,0%,8.25
https://www.unscramblehq.com/word/apostolise,0,4,0%,9
https://www.unscramblehq.com/word/antefixae,0,4,0%,10
https://www.unscramblehq.com/word/arrasenes,0,4,0%,11
https://www.unscramblehq.com/words-starting-with-low,0,4,0%,33.25
https://www.unscramblehq.com/words-ending-in-oy,0,4,0%,36.5
https://www.unscramblehq.com/words-starting-with-yi,0,4,0%,42.5
https://www.unscramblehq.com/words-ending-in-fix,0,4,0%,48
https://www.unscramblehq.com/words-starting-with-pa,0,4,0%,51.25
https://www.unscramblehq.com/word-finder,0,4,0%,88
https://www.unscramblehq.com/word/cnidarians,0,3,0%,4
https://www.unscramblehq.com/words-starting-with-enr,0,3,0%,6
https://www.unscramblehq.com/word/attainabilities,0,3,0%,6.33
https://www.unscramblehq.com/word/bohemia,0,3,0%,7
https://www.unscramblehq.com/word/bulimiac,0,3,0%,7
https://www.unscramblehq.com/word/gleanable,0,3,0%,7.67
https://www.unscramblehq.com/word/miscounselling,0,3,0%,8
https://www.unscramblehq.com/words-starting-with-acc,0,3,0%,8
https://www.unscramblehq.com/word/bleareyed,0,3,0%,9
https://www.unscramblehq.com/words-containing-nsp,0,3,0%,9
https://www.unscramblehq.com/word/altitonant,0,3,0%,9.33
https://www.unscramblehq.com/word/amidmost,0,3,0%,9.33
https://www.unscramblehq.com/word/chorepiscopal,0,3,0%,9.33
https://www.unscramblehq.com/word/craterless,0,3,0%,9.33
https://www.unscramblehq.com/word/awfy,0,3,0%,9.67
https://www.unscramblehq.com/word/carapaxes,0,3,0%,10
https://www.unscramblehq.com/words-containing-mbi,0,3,0%,10
https://www.unscramblehq.com/word/dispurveying,0,3,0%,10.33
https://www.unscramblehq.com/words-containing-sce,0,3,0%,11
https://www.unscramblehq.com/words-ending-in-ael,0,3,0%,20.33
https://www.unscramblehq.com/words-ending-in-sk,0,3,0%,24.33
https://www.unscramblehq.com/words-containing-ron,0,3,0%,29.67
https://www.unscramblehq.com/words-ending-in-ler,0,3,0%,35.33
https://www.unscramblehq.com/words-ending-in-id,0,3,0%,37.33
https://www.unscramblehq.com/words-ending-in-nh,0,3,0%,43.67
https://www.unscramblehq.com/words-starting-with-zig,0,3,0%,44.33
https://www.unscramblehq.com/words-containing-av,0,3,0%,47.33
https://www.unscramblehq.com/words-containing-fe,0,3,0%,53.33
https://www.unscramblehq.com/words-starting-with-qi,0,3,0%,59.67
https://www.unscramblehq.com/word/gnarl,0,2,0%,4
https://www.unscramblehq.com/word/barbastels,0,2,0%,5
https://www.unscramblehq.com/word/anagrammatising,0,2,0%,5.5
https://www.unscramblehq.com/word/antinuclearists,0,2,0%,6
https://www.unscramblehq.com/word/crusadoes,0,2,0%,6
https://www.unscramblehq.com/words-ending-in-rri,0,2,0%,6
https://www.unscramblehq.com/word/dumosity,0,2,0%,7
https://www.unscramblehq.com/word/interpermeates,0,2,0%,7
https://www.unscramblehq.com/word/copalms,0,2,0%,7.5
https://www.unscramblehq.com/word/pseudimagines,0,2,0%,7.5
https://www.unscramblehq.com/word/abo,0,2,0%,8
https://www.unscramblehq.com/word/aegis,0,2,0%,8
https://www.unscramblehq.com/word/anglomaniacs,0,2,0%,8
https://www.unscramblehq.com/word/roborating,0,2,0%,8
https://www.unscramblehq.com/word/witenagemote,0,2,0%,8
https://www.unscramblehq.com/words-containing-eld,0,2,0%,8
https://www.unscramblehq.com/word/birrettas,0,2,0%,8.5
https://www.unscramblehq.com/word/collogues,0,2,0%,8.5
https://www.unscramblehq.com/words-containing-enc,0,2,0%,8.5
https://www.unscramblehq.com/words-ending-in-abo,0,2,0%,8.5
https://www.unscramblehq.com/words-starting-with-yp,0,2,0%,8.5
https://www.unscramblehq.com/word/beleaguers,0,2,0%,9
https://www.unscramblehq.com/word/buzzword,0,2,0%,9
https://www.unscramblehq.com/word/chokedamps,0,2,0%,9
https://www.unscramblehq.com/words-containing-nsi,0,2,0%,9
https://www.unscramblehq.com/word/affrontingly,0,2,0%,9.5
https://www.unscramblehq.com/word/deinosaur,0,2,0%,9.5
https://www.unscramblehq.com/words-containing-icu,0,2,0%,9.5
https://www.unscramblehq.com/words-starting-with-arb,0,2,0%,9.5
https://www.unscramblehq.com/words-starting-with-uph,0,2,0%,9.5
https://www.unscramblehq.com/word/aecidial,0,2,0%,10
https://www.unscramblehq.com/word/allayment,0,2,0%,10
https://www.unscramblehq.com/word/anteorbital,0,2,0%,10
https://www.unscramblehq.com/word/calendarised,0,2,0%,10
https://www.unscramblehq.com/word/cocksurely,0,2,0%,10
https://www.unscramblehq.com/word/hygrographic,0,2,0%,10
https://www.unscramblehq.com/word/lungees,0,2,0%,10
https://www.unscramblehq.com/word/mutisms,0,2,0%,10
https://www.unscramblehq.com/words-containing-bar,0,2,0%,10
https://www.unscramblehq.com/words-containing-gni,0,2,0%,10
https://www.unscramblehq.com/words-containing-ste,0,2,0%,10
https://www.unscramblehq.com/words-ending-in-oft,0,2,0%,10
https://www.unscramblehq.com/words-starting-with-bos,0,2,0%,10
https://www.unscramblehq.com/words-starting-with-bwa,0,2,0%,10
https://www.unscramblehq.com/word/blindfishes,0,2,0%,10.5
https://www.unscramblehq.com/word/outscream,0,2,0%,10.5
https://www.unscramblehq.com/words-containing-dn,0,2,0%,10.5
https://www.unscramblehq.com/words-containing-dne,0,2,0%,10.5
https://www.unscramblehq.com/words-containing-oen,0,2,0%,10.5
https://www.unscramblehq.com/words-starting-with-lys,0,2,0%,10.5
https://www.unscramblehq.com/words-starting-with-sep,0,2,0%,10.5
https://www.unscramblehq.com/word/antilabor,0,2,0%,11
https://www.unscramblehq.com/word/chappess,0,2,0%,11
https://www.unscramblehq.com/word/enforesting,0,2,0%,11
https://www.unscramblehq.com/word/lobi,0,2,0%,11
https://www.unscramblehq.com/word/pacation,0,2,0%,11
https://www.unscramblehq.com/words-containing-dat,0,2,0%,11
https://www.unscramblehq.com/words-ending-in-ume,0,2,0%,11
https://www.unscramblehq.com/words-ending-in-wo,0,2,0%,11
https://www.unscramblehq.com/words-starting-with-buz,0,2,0%,11.5
https://www.unscramblehq.com/words-ending-in-zit,0,2,0%,14
https://www.unscramblehq.com/words-ending-in-ige,0,2,0%,19
https://www.unscramblehq.com/words-ending-in-cat,0,2,0%,20.5
https://www.unscramblehq.com/word/catholicity,0,2,0%,21.5
https://www.unscramblehq.com/words-starting-with-got,0,2,0%,23.5
https://www.unscramblehq.com/words-starting-with-fiz,0,2,0%,26
https://www.unscramblehq.com/words-starting-with-die,0,2,0%,28
https://www.unscramblehq.com/words-starting-with-rom,0,2,0%,29.5
https://www.unscramblehq.com/words-starting-with-tau,0,2,0%,30
https://www.unscramblehq.com/words-containing-too,0,2,0%,38
https://www.unscramblehq.com/words-ending-in-he,0,2,0%,39
https://www.unscramblehq.com/words-starting-with-tan,0,2,0%,39.5
https://www.unscramblehq.com/words-ending-in-me,0,2,0%,41
https://www.unscramblehq.com/words-containing-alo,0,2,0%,43
https://www.unscramblehq.com/words-containing-ase,0,2,0%,43
https://www.unscramblehq.com/words-ending-in-aj,0,2,0%,43
https://www.unscramblehq.com/words-ending-in-ae,0,2,0%,45.5
https://www.unscramblehq.com/words-starting-with-yon,0,2,0%,46
https://www.unscramblehq.com/words-containing-ge,0,2,0%,48
https://www.unscramblehq.com/words-containing-az,0,2,0%,52
https://www.unscramblehq.com/words-containing-nn,0,2,0%,52.5
https://www.unscramblehq.com/words-containing-qua,0,2,0%,52.5
https://www.unscramblehq.com/words-ending-in-ono,0,2,0%,63.5
https://www.unscramblehq.com/words-ending-in-odo,0,2,0%,66
https://unscramblehq.com/,0,2,0%,67
https://www.unscramblehq.com/words-starting-with-err,0,2,0%,67.5
https://www.unscramblehq.com/words-ending-in-udo,0,2,0%,68
https://www.unscramblehq.com/words-ending-in-efy,0,1,0%,1
https://www.unscramblehq.com/words-ending-in-rau,0,1,0%,1
https://www.unscramblehq.com/words-ending-in-wab,0,1,0%,1
https://www.unscramblehq.com/word/bezil,0,1,0%,3
https://www.unscramblehq.com/words-containing-wr,0,1,0%,3
https://www.unscramblehq.com/word/bonassuses,0,1,0%,4
https://www.unscramblehq.com/word/voulu,0,1,0%,4
https://www.unscramblehq.com/word/yplight,0,1,0%,4
https://www.unscramblehq.com/words-containing-ob,0,1,0%,4
https://www.unscramblehq.com/words-containing-ps,0,1,0%,4
https://www.unscramblehq.com/words-ending-in-gab,0,1,0%,4
https://www.unscramblehq.com/word/applique,0,1,0%,5
https://www.unscramblehq.com/word/basilect,0,1,0%,5
https://www.unscramblehq.com/words-containing-acr,0,1,0%,5
https://www.unscramblehq.com/words-containing-eta,0,1,0%,5
https://www.unscramblehq.com/words-ending-in-uxe,0,1,0%,5
https://www.unscramblehq.com/word/aspheterisms,0,1,0%,6
https://www.unscramblehq.com/word/aweto,0,1,0%,6
https://www.unscramblehq.com/word/bar,0,1,0%,6
https://www.unscramblehq.com/word/bemauling,0,1,0%,6
https://www.unscramblehq.com/word/besmuts,0,1,0%,6
https://www.unscramblehq.com/word/coenamoring,0,1,0%,6
https://www.unscramblehq.com/word/copartnering,0,1,0%,6
https://www.unscramblehq.com/word/infamonizing,0,1,0%,6
https://www.unscramblehq.com/word/poysoned,0,1,0%,6
https://www.unscramblehq.com/word/sohurs,0,1,0%,6
https://www.unscramblehq.com/words-containing-oug,0,1,0%,6
https://www.unscramblehq.com/words-ending-in-bbi,0,1,0%,6
https://www.unscramblehq.com/words-ending-in-leb,0,1,0%,6
https://www.unscramblehq.com/word/alphyl,0,1,0%,7
https://www.unscramblehq.com/word/boortrees,0,1,0%,7
https://www.unscramblehq.com/word/catapultier,0,1,0%,7
https://www.unscramblehq.com/word/corfhouse,0,1,0%,7
https://www.unscramblehq.com/word/cuisser,0,1,0%,7
https://www.unscramblehq.com/word/deaconhoods,0,1,0%,7
https://www.unscramblehq.com/word/gleamer,0,1,0%,7
https://www.unscramblehq.com/word/gutzer,0,1,0%,7
https://www.unscramblehq.com/word/lyddites,0,1,0%,7
https://www.unscramblehq.com/word/technologist,0,1,0%,7
https://www.unscramblehq.com/word/witchingly,0,1,0%,7
https://www.unscramblehq.com/words-containing-ido,0,1,0%,7
https://www.unscramblehq.com/words-ending-in-igg,0,1,0%,7
https://www.unscramblehq.com/words-starting-with-ika,0,1,0%,7
https://www.unscramblehq.com/words-starting-with-rhe,0,1,0%,7
https://www.unscramblehq.com/words-starting-with-ryo,0,1,0%,7
https://www.unscramblehq.com/word/awayes,0,1,0%,8
https://www.unscramblehq.com/word/caulds,0,1,0%,8
https://www.unscramblehq.com/word/cocuswoods,0,1,0%,8
https://www.unscramblehq.com/word/conspue,0,1,0%,8
https://www.unscramblehq.com/word/emissaries,0,1,0%,8
https://www.unscramblehq.com/word/epidotizations,0,1,0%,8
https://www.unscramblehq.com/word/lowering,0,1,0%,8
https://www.unscramblehq.com/words-containing-edo,0,1,0%,8
https://www.unscramblehq.com/words-containing-esc,0,1,0%,8
https://www.unscramblehq.com/words-containing-eth,0,1,0%,8
https://www.unscramblehq.com/words-containing-ord,0,1,0%,8
https://www.unscramblehq.com/words-containing-rro,0,1,0%,8
https://www.unscramblehq.com/words-containing-xa,0,1,0%,8
https://www.unscramblehq.com/words-ending-in-api,0,1,0%,8
https://www.unscramblehq.com/words-ending-in-mms,0,1,0%,8
https://www.unscramblehq.com/words-ending-in-nji,0,1,0%,8
https://www.unscramblehq.com/words-ending-in-sai,0,1,0%,8
https://www.unscramblehq.com/words-starting-with-git,0,1,0%,8
https://www.unscramblehq.com/words-starting-with-unk,0,1,0%,8
https://www.unscramblehq.com/word/aas,0,1,0%,9
https://www.unscramblehq.com/word/abactor,0,1,0%,9
https://www.unscramblehq.com/word/admiring,0,1,0%,9
https://www.unscramblehq.com/word/agremens,0,1,0%,9
https://www.unscramblehq.com/word/anacathartics,0,1,0%,9
https://www.unscramblehq.com/word/assumers,0,1,0%,9
https://www.unscramblehq.com/word/attemperment,0,1,0%,9
https://www.unscramblehq.com/word/axioms,0,1,0%,9
https://www.unscramblehq.com/word/barkier,0,1,0%,9
https://www.unscramblehq.com/word/chellup,0,1,0%,9
https://www.unscramblehq.com/word/diaries,0,1,0%,9
https://www.unscramblehq.com/word/yiked,0,1,0%,9
https://www.unscramblehq.com/words-containing-ddl,0,1,0%,9
https://www.unscramblehq.com/words-containing-ffi,0,1,0%,9
https://www.unscramblehq.com/words-containing-gat,0,1,0%,9
https://www.unscramblehq.com/words-containing-lin,0,1,0%,9
https://www.unscramblehq.com/words-containing-ntl,0,1,0%,9
https://www.unscramblehq.com/words-containing-olo,0,1,0%,9
https://www.unscramblehq.com/words-containing-orn,0,1,0%,9
https://www.unscramblehq.com/words-containing-riv,0,1,0%,9
https://www.unscramblehq.com/words-containing-tc,0,1,0%,9
https://www.unscramblehq.com/words-containing-tta,0,1,0%,9
https://www.unscramblehq.com/words-containing-ums,0,1,0%,9
https://www.unscramblehq.com/words-ending-in-dun,0,1,0%,9
https://www.unscramblehq.com/words-ending-in-rev,0,1,0%,9
https://www.unscramblehq.com/words-ending-in-thi,0,1,0%,9
https://www.unscramblehq.com/words-ending-in-vit,0,1,0%,9
https://www.unscramblehq.com/words-ending-in-ypt,0,1,0%,9
https://www.unscramblehq.com/words-starting-with-ard,0,1,0%,9
https://www.unscramblehq.com/words-starting-with-bai,0,1,0%,9
https://www.unscramblehq.com/words-starting-with-dab,0,1,0%,9
https://www.unscramblehq.com/words-starting-with-och,0,1,0%,9
https://www.unscramblehq.com/words-starting-with-vip,0,1,0%,9
https://www.unscramblehq.com/word/ainee,0,1,0%,10
https://www.unscramblehq.com/word/alfilarias,0,1,0%,10
https://www.unscramblehq.com/word/amblings,0,1,0%,10
https://www.unscramblehq.com/word/amelcorn,0,1,0%,10
https://www.unscramblehq.com/word/arboricultural,0,1,0%,10
https://www.unscramblehq.com/word/bassness,0,1,0%,10
https://www.unscramblehq.com/word/bigamies,0,1,0%,10
https://www.unscramblehq.com/word/breests,0,1,0%,10
https://www.unscramblehq.com/word/brusquest,0,1,0%,10
https://www.unscramblehq.com/word/buckshees,0,1,0%,10
https://www.unscramblehq.com/word/bukshees,0,1,0%,10
https://www.unscramblehq.com/word/confrontment,0,1,0%,10
https://www.unscramblehq.com/word/embowed,0,1,0%,10
https://www.unscramblehq.com/word/filaceous,0,1,0%,10
https://www.unscramblehq.com/word/sudsless,0,1,0%,10
https://www.unscramblehq.com/word/uranisci,0,1,0%,10
https://www.unscramblehq.com/word/xerophily,0,1,0%,10
https://www.unscramblehq.com/words-containing-atr,0,1,0%,10
https://www.unscramblehq.com/words-containing-bly,0,1,0%,10
https://www.unscramblehq.com/words-containing-bon,0,1,0%,10
https://www.unscramblehq.com/words-containing-gne,0,1,0%,10
https://www.unscramblehq.com/words-containing-hyp,0,1,0%,10
https://www.unscramblehq.com/words-containing-ima,0,1,0%,10
https://www.unscramblehq.com/words-containing-ina,0,1,0%,10
https://www.unscramblehq.com/words-containing-ist,0,1,0%,10
https://www.unscramblehq.com/words-containing-lli,0,1,0%,10
https://www.unscramblehq.com/words-containing-oll,0,1,0%,10
https://www.unscramblehq.com/words-containing-sli,0,1,0%,10
https://www.unscramblehq.com/words-containing-upe,0,1,0%,10
https://www.unscramblehq.com/words-containing-wi,0,1,0%,10
https://www.unscramblehq.com/words-ending-in-cly,0,1,0%,10
https://www.unscramblehq.com/words-ending-in-hoy,0,1,0%,10
https://www.unscramblehq.com/words-ending-in-ies,0,1,0%,10
https://www.unscramblehq.com/words-ending-in-ixy,0,1,0%,10
https://www.unscramblehq.com/words-ending-in-nep,0,1,0%,10
https://www.unscramblehq.com/words-ending-in-nig,0,1,0%,10
https://www.unscramblehq.com/words-ending-in-ntu,0,1,0%,10
https://www.unscramblehq.com/words-ending-in-orr,0,1,0%,10
https://www.unscramblehq.com/words-ending-in-poo,0,1,0%,10
https://www.unscramblehq.com/words-ending-in-utu,0,1,0%,10
https://www.unscramblehq.com/words-ending-in-xel,0,1,0%,10
https://www.unscramblehq.com/words-starting-with-faa,0,1,0%,10
https://www.unscramblehq.com/words-starting-with-s,0,1,0%,10
https://www.unscramblehq.com/words-starting-with-yat,0,1,0%,10
https://www.unscramblehq.com/word/allobar,0,1,0%,11
https://www.unscramblehq.com/word/analyzation,0,1,0%,11
https://www.unscramblehq.com/word/arethusas,0,1,0%,11
https://www.unscramblehq.com/word/atavists,0,1,0%,11
https://www.unscramblehq.com/word/barbarises,0,1,0%,11
https://www.unscramblehq.com/word/caesuric,0,1,0%,11
https://www.unscramblehq.com/word/clavated,0,1,0%,11
https://www.unscramblehq.com/word/cloistresses,0,1,0%,11
https://www.unscramblehq.com/word/currs,0,1,0%,11
https://www.unscramblehq.com/word/disassimilation,0,1,0%,11
https://www.unscramblehq.com/word/encalm,0,1,0%,11
https://www.unscramblehq.com/word/foen,0,1,0%,11
https://www.unscramblehq.com/word/phelonia,0,1,0%,11
https://www.unscramblehq.com/word/twinborn,0,1,0%,11
https://www.unscramblehq.com/words-containing-agi,0,1,0%,11
https://www.unscramblehq.com/words-containing-apa,0,1,0%,11
https://www.unscramblehq.com/words-containing-arq,0,1,0%,11
https://www.unscramblehq.com/words-containing-att,0,1,0%,11
https://www.unscramblehq.com/words-containing-cio,0,1,0%,11
https://www.unscramblehq.com/words-containing-cte,0,1,0%,11
https://www.unscramblehq.com/words-containing-erw,0,1,0%,11
https://www.unscramblehq.com/words-containing-hag,0,1,0%,11
https://www.unscramblehq.com/words-containing-iki,0,1,0%,11
https://www.unscramblehq.com/words-containing-mpe,0,1,0%,11
https://www.unscramblehq.com/words-containing-nki,0,1,0%,11
https://www.unscramblehq.com/words-containing-ysi,0,1,0%,11
https://www.unscramblehq.com/words-ending-in-beg,0,1,0%,11
https://www.unscramblehq.com/words-ending-in-emn,0,1,0%,11
https://www.unscramblehq.com/words-ending-in-hr,0,1,0%,11
https://www.unscramblehq.com/words-ending-in-ira,0,1,0%,11
https://www.unscramblehq.com/words-ending-in-izz,0,1,0%,11
https://www.unscramblehq.com/words-ending-in-lew,0,1,0%,11
https://www.unscramblehq.com/words-ending-in-lod,0,1,0%,11
https://www.unscramblehq.com/words-ending-in-nef,0,1,0%,11
https://www.unscramblehq.com/words-ending-in-oen,0,1,0%,11
https://www.unscramblehq.com/words-ending-in-vir,0,1,0%,11
https://www.unscramblehq.com/words-starting-with-jin,0,1,0%,11
https://www.unscramblehq.com/words-starting-with-neb,0,1,0%,11
https://www.unscramblehq.com/words-starting-with-pta,0,1,0%,11
https://www.unscramblehq.com/words-starting-with-toc,0,1,0%,11
https://www.unscramblehq.com/word/arrogancy,0,1,0%,12
https://www.unscramblehq.com/word/babysat,0,1,0%,12
https://www.unscramblehq.com/word/consolute,0,1,0%,12
https://www.unscramblehq.com/word/lobstering,0,1,0%,12
https://www.unscramblehq.com/word/plookie,0,1,0%,12
https://www.unscramblehq.com/word/qaid,0,1,0%,12
https://www.unscramblehq.com/word/demeanours,0,1,0%,13
https://www.unscramblehq.com/words-starting-with-rit,0,1,0%,18
https://www.unscramblehq.com/words-ending-in-too,0,1,0%,20
https://www.unscramblehq.com/words-ending-in-yu,0,1,0%,20
https://www.unscramblehq.com/words-ending-in-dim,0,1,0%,21
https://www.unscramblehq.com/words-ending-in-mar,0,1,0%,22
https://www.unscramblehq.com/words-containing-uo,0,1,0%,23
https://www.unscramblehq.com/words-ending-in-hit,0,1,0%,23
https://www.unscramblehq.com/words-ending-in-van,0,1,0%,24
https://www.unscramblehq.com/words-ending-in-oet,0,1,0%,25
https://www.unscramblehq.com/words-ending-in-tip,0,1,0%,27
https://www.unscramblehq.com/words-ending-in-wat,0,1,0%,28
https://www.unscramblehq.com/word/robustness,0,1,0%,30
https://www.unscramblehq.com/words-ending-in-oar,0,1,0%,30
https://www.unscramblehq.com/words-ending-in-ein,0,1,0%,31
https://www.unscramblehq.com/words-ending-in-vat,0,1,0%,31
https://www.unscramblehq.com/words-ending-in-dt,0,1,0%,33
https://www.unscramblehq.com/words-ending-in-nay,0,1,0%,33
https://www.unscramblehq.com/words-ending-in-toe,0,1,0%,33
https://www.unscramblehq.com/words-containing-phe,0,1,0%,38
https://www.unscramblehq.com/words-ending-in-ta,0,1,0%,38
https://www.unscramblehq.com/words-containing-lan,0,1,0%,39
https://www.unscramblehq.com/words-starting-with-eh,0,1,0%,39
https://www.unscramblehq.com/words-containing-hr,0,1,0%,43
https://www.unscramblehq.com/words-containing-cle,0,1,0%,45
https://www.unscramblehq.com/words-starting-with-ac,0,1,0%,45
https://www.unscramblehq.com/words-starting-with-ll,0,1,0%,45
https://www.unscramblehq.com/words-containing-ard,0,1,0%,46
https://www.unscramblehq.com/words-containing-iu,0,1,0%,46
https://www.unscramblehq.com/words-containing-bro,0,1,0%,47
https://www.unscramblehq.com/word/coped,0,1,0%,48
https://www.unscramblehq.com/words-containing-bed,0,1,0%,49
https://www.unscramblehq.com/words-containing-bea,0,1,0%,50
https://www.unscramblehq.com/words-containing-ami,0,1,0%,51
https://www.unscramblehq.com/words-starting-with-dw,0,1,0%,51
https://www.unscramblehq.com/words-containing-ath,0,1,0%,53
https://www.unscramblehq.com/words-containing-imm,0,1,0%,53
https://www.unscramblehq.com/words-containing-als,0,1,0%,54
https://www.unscramblehq.com/words-containing-dge,0,1,0%,55
https://www.unscramblehq.com/words-ending-in-phe,0,1,0%,55
https://www.unscramblehq.com/words-containing-rap,0,1,0%,57
https://www.unscramblehq.com/word/accessorizing,0,1,0%,59
https://www.unscramblehq.com/word/executor,0,1,0%,60
https://www.unscramblehq.com/words-containing-zed,0,1,0%,61
https://www.unscramblehq.com/words-ending-in-ulo,0,1,0%,61
https://www.unscramblehq.com/words-ending-in-ve,0,1,0%,61
https://www.unscramblehq.com/words-ending-in-var,0,1,0%,62
https://www.unscramblehq.com/words-starting-with-kw,0,1,0%,62
https://www.unscramblehq.com/words-starting-with-pac,0,1,0%,62
https://www.unscramblehq.com/words-ending-in-ey,0,1,0%,63
https://www.unscramblehq.com/words-ending-in-rst,0,1,0%,65
https://www.unscramblehq.com/words-ending-in-iba,0,1,0%,66
https://www.unscramblehq.com/words-containing-lea,0,1,0%,67
https://www.unscramblehq.com/word/alchemist,0,1,0%,68
https://www.unscramblehq.com/words-ending-in-eto,0,1,0%,69
https://www.unscramblehq.com/words-ending-in-pre,0,1,0%,74
https://www.unscramblehq.com/5-letter-words,0,1,0%,75
https://www.unscramblehq.com/word/antique,0,1,0%,78
https://www.unscramblehq.com/word/anyone,0,1,0%,78
https://www.unscramblehq.com/words-containing-apo,0,1,0%,84
https://www.unscramblehq.com/word/sarcenet,0,1,0%,98