Top queries,Clicks,Impressions,CTR,Position
4 letter words ending in azz,0,57,0%,10.68
unnaneld,0,18,0%,9.17
xanthomelanous,0,13,0%,8.38
homoeomorph,0,11,0%,6.73
4 letter words ending with azz,0,11,0%,10.45
pepsinated,0,9,0%,6.89
claroes,0,9,0%,8.89
4 letter word ending in azz,0,9,0%,10
afforces,0,9,0%,10.89
bethanked,0,8,0%,6.38
preconsume,0,8,0%,9.88
dosologies,0,7,0%,1
words ending with azz,0,7,0%,9.71
suspectedly,0,7,0%,10
abricocks,0,6,0%,5.17
clouterly,0,6,0%,7
words ending in azz,0,6,0%,8.83
apricates,0,6,0%,9.83
exemplificative,0,6,0%,13.67
sigisbei,0,5,0%,6.4
culvertailed,0,5,0%,7.6
beflummed,0,5,0%,7.8
daughterlings,0,5,0%,8
craterlike,0,5,0%,8.4
beblubbered,0,5,0%,9.4
noviceships,0,5,0%,9.4
attasked,0,5,0%,9.8
eutaxite,0,5,0%,10
beetmasters,0,4,0%,4
tumatakurus,0,4,0%,5.75
eutrophies,0,4,0%,7
heptapody,0,4,0%,7.75
upleapt,0,4,0%,8.25
antefixae,0,4,0%,10
arrasenes,0,4,0%,11
words starting with ado,0,4,0%,33.75
words starting with yi,0,4,0%,42.5
enranckle,0,3,0%,6
attainabilities,0,3,0%,6.33
bulimiac,0,3,0%,7
gleanable,0,3,0%,7.67
miscounselling,0,3,0%,8
apostolizes,0,3,0%,8.67
bleareyed,0,3,0%,9
words that end with azz,0,3,0%,9
altitonant,0,3,0%,9.33
amidmost,0,3,0%,9.33
chorepiscopal,0,3,0%,9.33
craterless,0,3,0%,9.33
is ans a scrabble word,0,3,0%,9.33
carapaxes,0,3,0%,10
dispurveying,0,3,0%,10.33
acescencies,0,3,0%,11
barbastels,0,2,0%,5
anagrammatising,0,2,0%,5.5
antinuclearists,0,2,0%,6
crusadoes,0,2,0%,6
dumosity,0,2,0%,7
interpermeates,0,2,0%,7
copalms,0,2,0%,7.5
pseudimagines,0,2,0%,7.5
anglomaniacs,0,2,0%,8
backvelders,0,2,0%,8
roborating,0,2,0%,8
witenagemote,0,2,0%,8
birrettas,0,2,0%,8.5
collogues,0,2,0%,8.5
words with nsp,0,2,0%,8.5
beleaguers,0,2,0%,9
chokedamps,0,2,0%,9
abbotcies,0,2,0%,9.5
affrontingly,0,2,0%,9.5
bethankits,0,2,0%,9.5
deinosaur,0,2,0%,9.5
words that end in azz,0,2,0%,9.5
aecidial,0,2,0%,10
allayment,0,2,0%,10
anteorbital,0,2,0%,10
antibarbaruses,0,2,0%,10
calendarised,0,2,0%,10
cocksurely,0,2,0%,10
hygrographic,0,2,0%,10
lungees,0,2,0%,10
mutisms,0,2,0%,10
word that start with eos,0,2,0%,10
blindfishes,0,2,0%,10.5
outscream,0,2,0%,10.5
sepalodies,0,2,0%,10.5
word start with eos,0,2,0%,10.5
words that start with lys,0,2,0%,10.5
antilabor,0,2,0%,11
chappess,0,2,0%,11
enforesting,0,2,0%,11
is lobi a scrabble word,0,2,0%,11
pacation,0,2,0%,11
words start with eos,0,2,0%,11
words that end with ji,0,2,0%,22
5 letter words ending in ael,0,2,0%,26
words with too,0,2,0%,38
5 letter words with ron in the middle,0,2,0%,40
5 letter words ending in nh,0,2,0%,41
alo words,0,2,0%,43
words ending in oy,0,2,0%,43.5
is ge a scrabble word,0,2,0%,48
word that start with a j,0,2,0%,50
double n words,0,2,0%,52.5
zig words,0,2,0%,61
err words,0,2,0%,67.5
anagram solver scrabble,0,2,0%,72
anagram phrase unscrambler,0,2,0%,81
bonassuses,0,1,0%,4
yplight,0,1,0%,4
aspheterisms,0,1,0%,6
bemauling,0,1,0%,6
besmuts,0,1,0%,6
broughtases,0,1,0%,6
coenamoring,0,1,0%,6
copartnering,0,1,0%,6
poysoned,0,1,0%,6
sohurs,0,1,0%,6
word that starts with ody,0,1,0%,6
boortrees,0,1,0%,7
catapultier,0,1,0%,7
corfhouse,0,1,0%,7
cuisser,0,1,0%,7
deaconhoods,0,1,0%,7
epidotisations,0,1,0%,7
gutzer,0,1,0%,7
lownding,0,1,0%,7
lyddites,0,1,0%,7
technologist 8 letters,0,1,0%,7
what word starts with eos,0,1,0%,7
witchingly,0,1,0%,7
word starting with ody,0,1,0%,7
awayes,0,1,0%,8
caulds,0,1,0%,8
cocuswoods,0,1,0%,8
conspue,0,1,0%,8
epidotizations,0,1,0%,8
words that start with uph,0,1,0%,8
4 letter words ending in oy,0,1,0%,9
aas scrabble word,0,1,0%,9
abactor,0,1,0%,9
acolouthite,0,1,0%,9
agremens,0,1,0%,9
anacathartics,0,1,0%,9
ans scrabble,0,1,0%,9
aspergations,0,1,0%,9
assumers,0,1,0%,9
attemperment,0,1,0%,9
barkier,0,1,0%,9
corrivalships,0,1,0%,9
word starts with eos,0,1,0%,9
words ending ji,0,1,0%,9
words with ntl,0,1,0%,9
yiked,0,1,0%,9
5 letter words with gni,0,1,0%,10
alfilarias,0,1,0%,10
amelcorn,0,1,0%,10
apostolise,0,1,0%,10
aspiringnesses,0,1,0%,10
bassness meaning,0,1,0%,10
bigamies,0,1,0%,10
bonamiases,0,1,0%,10
boschvarks,0,1,0%,10
brachyprisms,0,1,0%,10
breests,0,1,0%,10
brusquest,0,1,0%,10
buckshees,0,1,0%,10
bukshees,0,1,0%,10
confrontment,0,1,0%,10
dispauperizes,0,1,0%,10
embowed meaning,0,1,0%,10
filaceous,0,1,0%,10
sudsless,0,1,0%,10
uranisci,0,1,0%,10
what starts with eos,0,1,0%,10
word that starts with eos,0,1,0%,10
words start with got,0,1,0%,10
words starting with fiz,0,1,0%,10
words starting with ody,0,1,0%,10
words that end in nig,0,1,0%,10
words that start with eos,0,1,0%,10
words that start with faa,0,1,0%,10
words that starts with eos,0,1,0%,10
words with bly,0,1,0%,10
xerophily,0,1,0%,10
allobar,0,1,0%,11
analyzation meaning,0,1,0%,11
arethusas,0,1,0%,11
barbarises,0,1,0%,11
caesuric,0,1,0%,11
clavated,0,1,0%,11
cloistresses,0,1,0%,11
dioeciousnesses,0,1,0%,11
disassimilation,0,1,0%,11
encalm meaning,0,1,0%,11
foen meaning,0,1,0%,11
glaikitnesses,0,1,0%,11
phelonia,0,1,0%,11
upheapings,0,1,0%,11
words ending ume,0,1,0%,11
words ending with beg,0,1,0%,11
words ending with ume,0,1,0%,11
words start with jin,0,1,0%,11
words that end with ige,0,1,0%,11
words with dne,0,1,0%,11
ysi words,0,1,0%,11
arrogancy,0,1,0%,12
consolute meaning,0,1,0%,12
is ans a word,0,1,0%,12
is babysat a word,0,1,0%,12
demeanours,0,1,0%,13
buz words,0,1,0%,15
catholicity meaning,0,1,0%,20
words starting with die,0,1,0%,20
words ending in dim,0,1,0%,21
words ending with mar,0,1,0%,22
catholicity definition,0,1,0%,23
what words have uo?,0,1,0%,23
words ending in hit,0,1,0%,23
words ending in zit,0,1,0%,24
words that end with van,0,1,0%,24
5 letter words ending in oet,0,1,0%,25
words ending in ji,0,1,0%,25
words ending with ji,0,1,0%,25
words ending in ige,0,1,0%,27
words ending with tip,0,1,0%,27
words that start with rom,0,1,0%,27
5 letter word ends in i d,0,1,0%,28
words ending in wat,0,1,0%,28
5 letter words that end in oar,0,1,0%,30
robustness crossword clue,0,1,0%,30
words ending with cat,0,1,0%,30
words starting with tan,0,1,0%,30
words that end in ji,0,1,0%,30
5 letter words ending in ein,0,1,0%,31
words ending vat,0,1,0%,31
words that end in aj,0,1,0%,31
5 letter words starting with rom,0,1,0%,32
5 letter words ending in dt,0,1,0%,33
words that end in nay,0,1,0%,33
words ending in ler,0,1,0%,34
words that end in ler,0,1,0%,34
words beginning with low,0,1,0%,35
5 letter words starting with die,0,1,0%,36
words starting with low,0,1,0%,36
words that end with and,0,1,0%,36
5 letter words ending i d,0,1,0%,37
fe scrabble word,0,1,0%,37
got words,0,1,0%,37
words with qi,0,1,0%,37
3 letter words with a j,0,1,0%,38
3 letter words with aj,0,1,0%,38
5 letter words that end in me,0,1,0%,38
words that end in ta,0,1,0%,38
words that end with ler,0,1,0%,38
words with phe,0,1,0%,38
5 letter word with lan,0,1,0%,39
words beginning with eh,0,1,0%,39
words ending with fly,0,1,0%,39
words that end in h e,0,1,0%,39
words that end in he,0,1,0%,39
words ending in fly,0,1,0%,40
words starting with aj,0,1,0%,40
fiz scrabble word,0,1,0%,42
five letter words with a s e,0,1,0%,43
five-letter words with a s e,0,1,0%,43
words end with fly,0,1,0%,43
words ending in and,0,1,0%,43
words with hr,0,1,0%,43
words ending in me,0,1,0%,44
5 letter words with c l e,0,1,0%,45
word ending in ae,0,1,0%,45
words starting with l l,0,1,0%,45
words that begin with yon,0,1,0%,45
words that start with ac,0,1,0%,45
5 letter word with iu,0,1,0%,46
words ending with ae,0,1,0%,46
words that end in and,0,1,0%,46
words with ard,0,1,0%,46
words with fly at the end,0,1,0%,46
two letter words with a v,0,1,0%,47
words end id,0,1,0%,47
words that end in fly,0,1,0%,47
words that start with yon,0,1,0%,47
coped crossword clue,0,1,0%,48
2 letter words with av,0,1,0%,49
5 letter words that end in nh,0,1,0%,49
word end with and,0,1,0%,49
words that start with tan,0,1,0%,49
bea words,0,1,0%,50
word starting with pa,0,1,0%,50
word with qua,0,1,0%,50
words end oy,0,1,0%,50
words start with pa,0,1,0%,50
ami words,0,1,0%,51
words starting with pa,0,1,0%,51
words with az,0,1,0%,51
que words ending,0,1,0%,52
words with and at the end,0,1,0%,52
2 letter words with a z,0,1,0%,53
ath words,0,1,0%,53
begrimming,0,1,0%,53
words that end with fly,0,1,0%,53
als words,0,1,0%,54
word start with pa,0,1,0%,54
words end with que,0,1,0%,54
words ending que,0,1,0%,54
que ending words,0,1,0%,55
words that end with a j,0,1,0%,55
words that start with low,0,1,0%,55
words with d g e,0,1,0%,55
words with qua,0,1,0%,55
words containing fix,0,1,0%,56
words that end in sk,0,1,0%,56
words ending in flies,0,1,0%,57
words with rap,0,1,0%,57
accessorize perhaps,0,1,0%,59
fe scrabble,0,1,0%,60
spell executor,0,1,0%,60
unscramble envelope,0,1,0%,60
is zed a scrabble word,0,1,0%,61
palabras acabadas en ulo,0,1,0%,61
words that end in v e,0,1,0%,61
kw word,0,1,0%,62
pac words,0,1,0%,62
palabras que terminen en ono,0,1,0%,62
is fe a word in scrabble,0,1,0%,63
name anagram solver,0,1,0%,63
words ending ey,0,1,0%,63
words with fix,0,1,0%,63
four letter words that end in x,0,1,0%,64
palabras acabadas en odo,0,1,0%,64
words that end in x,0,1,0%,64
anagram solver anagram,0,1,0%,65
palabras que terminan en ono,0,1,0%,65
palabras que terminan en iba,0,1,0%,66
is lea a scrabble word,0,1,0%,67
palabras que terminen en udo,0,1,0%,67
a d o words,0,1,0%,68
alchemist word,0,1,0%,68
palabras que terminen en odo,0,1,0%,68
ado words,0,1,0%,69
palabras acabadas en eto,0,1,0%,69
qi words,0,1,0%,70
qi scrabble words,0,1,0%,72
words end x,0,1,0%,73
palabras que terminen en pre,0,1,0%,74
unscramble pumpkin,0,1,0%,74
abask,0,1,0%,75
ending with x words,0,1,0%,75
words ending with x,0,1,0%,76
antique words,0,1,0%,78
anyone word,0,1,0%,78
5-letter words that end with x,0,1,0%,79
anagram letter unscrambler,0,1,0%,79
anagram solver sentence unscrambler,0,1,0%,79
scrabble anagram generator,0,1,0%,80
words end with x,0,1,0%,80
unscramble anagram solver,0,1,0%,81
word unscrambler anagram solver,0,1,0%,82
words end in x,0,1,0%,82
word finder in letters,0,1,0%,83
the word finder anagram solver,0,1,0%,86
unscramble anagram,0,1,0%,88
unscramble finder,0,1,0%,88
solving anagram,0,1,0%,91
palabras que terminan en x,0,1,0%,92
words finder,0,1,0%,93
sarcenet,0,1,0%,98